{"cameraMode":{"drawMode":0,"name":"Shaded","section":"Shading Mode"},"sceneLighting":true,"audioPlay":false,"sceneViewState":{"showFog":true,"showMaterialUpdate":false,"showSkybox":true,"showFlares":true,"showImageEffects":true,"showParticleSystems":true},"in2DMode":false,"pivot":{"x":-2.040158748626709,"y":-0.5062393546104431,"z":-0.44710975885391238},"rotation":{"x":-0.09212101250886917,"y":0.8369585871696472,"z":-0.14868038892745973,"w":-0.5185710787773132},"size":6.3421125411987309,"orthographic":false}